Workbook

Sheet ОВ
B1: Показник | I1: Ціна, грн без ПДВ | J1: Коеф.
B2: Середня ціна надання послуг з заготівлі ліквідної деревини на РГК та ССР | I2: 364 | J2: 1
B3: Середня ціна надання послуг зтрелювання ліквідної деревини на РГК та ССР | I3: 229 | J3: 1
B4: Середня ціна надання послуг з заготівлі ліквідної деревини на РФіОЛ | I4: 489 | J4: 1
B5: Середня ціна надання послуг з трелювання ліквідної деревини на РФіОЛ | I5: 239 | J5: 1
B6: Середня ціна надання послуг з заготівлі хмизу на рубках ОСВ, ПРЧ та ПРЖ | I6: 779 | J6: 1
B9: № лоту | C9: Очікувана вартість
C10: надання послуг з заготівлі ліквідної деревини на РГК та ССР | D10: Коеф. | E10: надання послуг зтрелювання ліквідної деревини на РГК та ССР | F10: Коеф. | G10: надання послуг з заготівлі ліквідної деревини на РФіОЛ | H10: Коеф. | I10: надання послуг з трелювання ліквідної деревини на РФіОЛ | J10: Коеф. | K10: надання послуг з заготівлі хмизу на рубках ОСВ, ПРЧ та ПРЖ | L10: Коеф. | M10: Разом
A14: - за Лотом | B14: 1 | C14: 1092000 | D14: 0.47503045 | E14: 687000 | F14: 0.29885157 | G14: 244500 | H14: 0.10635984 | I14: 119500 | J14: 0.051983644 | K14: 155800 | L14: 0.067774491 | M14: =SUM(C14,E14,G14,I14,K14) -> 2298800
A15: - за Лотом | B15: 2 | C15: 910000 | D15: 0.35 | E15: 572500 | F15: 0.22019231 | G15: 489000 | H15: 0.18807692 | I15: 239000 | J15: 0.091923077 | K15: 389500 | L15: 0.14980769 | M15: =SUM(C15,E15,G15,I15,K15) -> 2600000
A16: - за Лотом | B16: 3 | C16: 1092000 | D16: 0.37700673 | E16: 687000 | F16: 0.23718281 | G16: 489000 | H16: 0.16882444 | I16: 239000 | J16: 0.082513378 | K16: 389500 | L16: 0.13447264 | M16: =SUM(C16,E16,G16,I16,K16) -> 2896500
A17: - за Лотом | B17: 4 | C17: 1274000 | D17: 0.33608568 | E17: 801500 | F17: 0.21143852 | G17: 733500 | H17: 0.19349988 | I17: 358500 | J17: 0.094573562 | K17: 623200 | L17: 0.16440235 | M17: =SUM(C17,E17,G17,I17,K17) -> 3790700
A18: - за Лотом | B18: 5 | C18: 546000 | D18: 0.18072887 | E18: 343500 | F18: 0.11370031 | G18: 1222500 | H18: 0.40465393 | I18: 597500 | J18: 0.19777564 | K18: 311600 | L18: 0.10314124 | M18: =SUM(C18,E18,G18,I18,K18) -> 3021100
A19: - за Лотом | B19: 6 | C19: 910000 | D19: 0.31530439 | E19: 572500 | F19: 0.19836458 | G19: 733500 | H19: 0.2541492 | I19: 358500 | J19: 0.12421607 | K19: 311600 | L19: 0.10796577 | M19: =SUM(C19,E19,G19,I19,K19) -> 2886100
A20: - за Лотом | B20: 7 | C20: 1092000 | D20: 0.36713287 | E20: 687000 | F20: 0.23097095 | G20: 489000 | H20: 0.1644029 | I20: 239000 | J20: 0.08035234 | K20: 467400 | L20: 0.15714094 | M20: =SUM(C20,E20,G20,I20,K20) -> 2974400
A21: - за Лотом | B21: 8 | C21: 910000 | D21: 0.26718342 | E21: 572500 | F21: 0.16809067 | G21: 978000 | H21: 0.28714877 | I21: 478000 | J21: 0.1403447 | K21: 467400 | L21: 0.13723245 | M21: =SUM(C21,E21,G21,I21,K21) -> 3405900
A22: - за Лотом | B22: 9 | C22: 910000 | D22: 0.24478816 | E22: 572500 | F22: 0.15400134 | G22: 978000 | H22: 0.26308003 | I22: 478000 | J22: 0.12858104 | K22: 779000 | L22: 0.20954943 | M22: =SUM(C22,E22,G22,I22,K22) -> 3717500
A23: - за Лотом | B23: 10 | C23: 910000 | D23: 0.30701754 | E23: 572500 | F23: 0.19315115 | G23: 733500 | H23: 0.24746964 | I23: 358500 | J23: 0.12095142 | K23: 389500 | L23: 0.13141026 | M23: =SUM(C23,E23,G23,I23,K23) -> 2964000
A24: Разом | C24: =SUM(C14:C23) -> 9646000 | E24: =SUM(E14:E23) -> 6068500 | G24: =SUM(G14:G23) -> 7090500 | I24: =SUM(I14:I23) -> 3465500 | K24: =SUM(K14:K23) -> 4284500 | M24: =SUM(M14:M23) -> 30555000
A28: Обсяги надання послуг
B30: № лоту | C30: Обсяг надання послуг з заготівлі ліквідної деревини на РГК та ССР | D30: Обсяг надання послуг зтрелювання ліквідної деревини на РГК та ССР | E30: Обсяг надання послуг з заготівлі ліквідної деревини на РФіОЛ | F30: Обсяг надання послуг з трелювання ліквідної деревини на РФіОЛ | G30: Обсяг надання послуг з заготівлі хмизу на рубках ОСВ, ПРЧ та ПРЖ
B34: __ | C34: - | D34: - | E34: - | F34: - | G34: -
A35: - за Лотом | B35: 1 | C35: 3000 | D35: 3000 | E35: 500 | F35: 500 | G35: 200
A36: - за Лотом | B36: 2 | C36: 2500 | D36: 2500 | E36: 1000 | F36: 1000 | G36: 500
A37: - за Лотом | B37: 3 | C37: 3000 | D37: 3000 | E37: 1000 | F37: 1000 | G37: 500
A38: - за Лотом | B38: 4 | C38: 3500 | D38: 3500 | E38: 1500 | F38: 1500 | G38: 800
A39: - за Лотом | B39: 5 | C39: 1500 | D39: 1500 | E39: 2500 | F39: 2500 | G39: 400
A40: - за Лотом | B40: 6 | C40: 2500 | D40: 2500 | E40: 1500 | F40: 1500 | G40: 400
A41: - за Лотом | B41: 7 | C41: 3000 | D41: 3000 | E41: 1000 | F41: 1000 | G41: 600
A42: - за Лотом | B42: 8 | C42: 2500 | D42: 2500 | E42: 2000 | F42: 2000 | G42: 600
A43: - за Лотом | B43: 9 | C43: 2500 | D43: 2500 | E43: 2000 | F43: 2000 | G43: 1000
A44: - за Лотом | B44: 10 | C44: 2500 | D44: 2500 | E44: 1500 | F44: 1500 | G44: 500
A45: Разом | C45: =SUM(C35:C44) -> 26500 | D45: =SUM(D35:D44) -> 26500 | E45: =SUM(E35:E44) -> 14500 | F45: =SUM(F35:F44) -> 14500 | G45: =SUM(G35:G44) -> 5500

Sheet Коеф.
A2: ВИЗНАЧЕННЯ СЕРЕДНЬОЇ ВАРТОСТІ КОЖНОГО ВИДУ ПОСЛУГ
A3: Перелік робіт | B3: Твердолистяні | G3: Хвойні та м'яколистяні | L3: Твердолистяні | Q3: Хвойні та м'яколистяні
B4: Ціна 1 | C4: Ціна 2 | D4: Ціна 3 | E4: Середня ціна | F4: Коеф. | G4: Ціна 1 | H4: Ціна 2 | I4: Ціна 3 | J4: Середня ціна | K4: Коеф. | L4: Ціна 1 | M4: Ціна 2 | N4: Ціна 3 | O4: Середня ціна | P4: Коеф. | Q4: Ціна 1 | R4: Ціна 2 | S4: Ціна 3 | T4: Середня ціна | U4: Коеф.
B5: Нормальні умови | G5: Нормальні умови | L5: Важкі умови | Q5: Важкі умови
A6: 1. Заготівля деревини на РГК та ССР в сортиментах при середньому об'ємі хлиста, м3:
A7: - до 0,50 | B7: 340 | C7: 339.32 | D7: 339 | E7: =ROUND((B7+C7+D7)/3,2) -> 339.44 | F7: 0.93131868 | G7: 300 | H7: 299.4 | I7: 299 | J7: =ROUND((G7+H7+I7)/3,2) -> 299.47 | K7: 0.82142857 | L7: 365 | M7: 364.27 | N7: 364 | O7: =ROUND((L7+M7+N7)/3,2) -> 364.42 | P7: 1 | Q7: 320 | R7: 319.36 | S7: 319 | T7: =ROUND((Q7+R7+S7)/3,2) -> 319.45 | U7: 0.87637363
A8: - від 0,50 до 0,70 | B8: 325 | C8: 324.35 | D8: 324 | E8: =ROUND((B8+C8+D8)/3,2) -> 324.45 | F8: 0.89010989 | G8: 290 | H8: 289.42 | I8: 289 | J8: =ROUND((G8+H8+I8)/3,2) -> 289.47 | K8: 0.79395604 | L8: 350 | M8: 349.3 | N8: 349 | O8: =ROUND((L8+M8+N8)/3,2) -> 349.43 | P8: 0.95879121 | Q8: 310 | R8: 309.38 | S8: 309 | T8: =ROUND((Q8+R8+S8)/3,2) -> 309.46 | U8: 0.8489011
A9: - від 0,70 до 1,00 | B9: 310 | C9: 309.38 | D9: 309 | E9: =ROUND((B9+C9+D9)/3,2) -> 309.46 | F9: 0.8489011 | G9: 280 | H9: 279.44 | I9: 279 | J9: =ROUND((G9+H9+I9)/3,2) -> 279.48 | K9: 0.76648352 | L9: 335 | M9: 334.33 | N9: 334 | O9: =ROUND((L9+M9+N9)/3,2) -> 334.44 | P9: 0.91758242 | Q9: 300 | R9: 299.4 | S9: 299 | T9: =ROUND((Q9+R9+S9)/3,2) -> 299.47 | U9: 0.82142857
A10: - більше 1,00 | B10: 295 | C10: 294.41 | D10: 294 | E10: =ROUND((B10+C10+D10)/3,2) -> 294.47 | F10: 0.80769231 | G10: 270 | H10: 269.46 | I10: 269 | J10: =ROUND((G10+H10+I10)/3,2) -> 269.49 | K10: 0.73901099 | L10: 320 | M10: 319.36 | N10: 319 | O10: =ROUND((L10+M10+N10)/3,2) -> 319.45 | P10: 0.87637363 | Q10: 290 | R10: 289.42 | S10: 289 | T10: =ROUND((Q10+R10+S10)/3,2) -> 289.47 | U10: 0.79395604
A11: 2. Трелювання деревини на РГК, ССР та інших суцільних рубках в сортиментах, м3: | B11: 205 | C11: 204.59 | D11: 204 | E11: =ROUND((B11+C11+D11)/3,2) -> 204.53 | F11: 0.89082969 | G11: 205 | H11: 204.59 | I11: 204 | J11: =ROUND((G11+H11+I11)/3,2) -> 204.53 | K11: 0.89082969 | L11: 230 | M11: 229.54 | N11: 229 | O11: =ROUND((L11+M11+N11)/3,2) -> 229.51 | P11: 1 | Q11: 230 | R11: 229.54 | S11: 229 | T11: =ROUND((Q11+R11+S11)/3,2) -> 229.51 | U11: 1
A12: 3. Заготівля деревини на РФіОЛ та інших вибіркових рубках в сортиментах при середньому об'ємі хлиста, м3:
A13: - до 0,30 | B13: 460 | C13: 459.08 | D13: 459 | E13: =ROUND((B13+C13+D13)/3,2) -> 459.36 | F13: 0.93865031 | G13: 420 | H13: 419.16 | I13: 419 | J13: =ROUND((G13+H13+I13)/3,2) -> 419.39 | K13: 0.85685072 | L13: 490 | M13: 489.02 | N13: 489 | O13: =ROUND((L13+M13+N13)/3,2) -> 489.34 | P13: 1 | Q13: 450 | R13: 449.1 | S13: 449 | T13: =ROUND((Q13+R13+S13)/3,2) -> 449.37 | U13: 0.91820041
A14: - від 0,30 до 0,50 | B14: 390 | C14: 389.22 | D14: 389 | E14: =ROUND((B14+C14+D14)/3,2) -> 389.41 | F14: 0.79550102 | G14: 350 | H14: 349.3 | I14: 349 | J14: =ROUND((G14+H14+I14)/3,2) -> 349.43 | K14: 0.71370143 | L14: 420 | M14: 419.16 | N14: 419 | O14: =ROUND((L14+M14+N14)/3,2) -> 419.39 | P14: 0.85685072 | Q14: 380 | R14: 379.24 | S14: 379 | T14: =ROUND((Q14+R14+S14)/3,2) -> 379.41 | U14: 0.77505112
A15: - від 0,50 до 0,70 | B15: 350 | C15: 349.3 | D15: 349 | E15: =ROUND((B15+C15+D15)/3,2) -> 349.43 | F15: 0.71370143 | G15: 310 | H15: 309.38 | I15: 309 | J15: =ROUND((G15+H15+I15)/3,2) -> 309.46 | K15: 0.63190184 | L15: 380 | M15: 379.24 | N15: 379 | O15: =ROUND((L15+M15+N15)/3,2) -> 379.41 | P15: 0.77505112 | Q15: 340 | R15: 339.32 | S15: 339 | T15: =ROUND((Q15+R15+S15)/3,2) -> 339.44 | U15: 0.69325153
A16: - більше 0,70 | B16: 330 | C16: 329.34 | D16: 329 | E16: =ROUND((B16+C16+D16)/3,2) -> 329.45 | F16: 0.67280164 | G16: 290 | H16: 289.42 | I16: 289 | J16: =ROUND((G16+H16+I16)/3,2) -> 289.47 | K16: 0.59100204 | L16: 355 | M16: 354.29 | N16: 354 | O16: =ROUND((L16+M16+N16)/3,2) -> 354.43 | P16: 0.72392638 | Q16: 315 | R16: 314.37 | S16: 314 | T16: =ROUND((Q16+R16+S16)/3,2) -> 314.46 | U16: 0.64212679
A17: 4. Трелювання деревини на РФіОЛ та інших вибіркових рубках в сортиментах , м3: | B17: 215 | C17: 214.57 | D17: 214 | E17: =ROUND((B17+C17+D17)/3,2) -> 214.52 | F17: 0.89539749 | G17: 215 | H17: 214.57 | I17: 214 | J17: =ROUND((G17+H17+I17)/3,2) -> 214.52 | K17: 0.89539749 | L17: 240 | M17: 239.52 | N17: 239 | O17: =ROUND((L17+M17+N17)/3,2) -> 239.51 | P17: 1 | Q17: 240 | R17: 239.52 | S17: 239 | T17: =ROUND((Q17+R17+S17)/3,2) -> 239.51 | U17: 1
A19: 5. Освітлення та прочищення, без збирання хмизу Маса, що вирубується, м3/га
A20: Хмиз довжиною до 2 м
A21: - до 4,0 | B21: 741 | C21: 740.26 | D21: 740 | E21: =ROUND((B21+C21+D21)/3,2) -> 740.42 | F21: 0.94993582 | G21: 741 | H21: 740.26 | I21: 740 | J21: =ROUND((G21+H21+I21)/3,2) -> 740.42 | K21: 0.94993582 | L21: 780 | M21: 779.22 | N21: 779 | O21: =ROUND((L21+M21+N21)/3,2) -> 779.41 | P21: 1 | Q21: 780 | R21: 779.22 | S21: 779 | T21: =ROUND((Q21+R21+S21)/3,2) -> 779.41 | U21: 1
A22: - 4,0-9,0 | B22: 620 | C22: 619.38 | D22: 619 | E22: =ROUND((B22+C22+D22)/3,2) -> 619.46 | F22: 0.79460847 | G22: 620 | H22: 619.38 | I22: 619 | J22: =ROUND((G22+H22+I22)/3,2) -> 619.46 | K22: 0.79460847 | L22: 659 | M22: 658.34 | N22: 658 | O22: =ROUND((L22+M22+N22)/3,2) -> 658.45 | P22: 0.84467266 | Q22: 659 | R22: 658.34 | S22: 658 | T22: =ROUND((Q22+R22+S22)/3,2) -> 658.45 | U22: 0.84467266
A23: - більше 9,0 | B23: 499 | C23: 498.5 | D23: 498 | E23: =ROUND((B23+C23+D23)/3,2) -> 498.5 | F23: 0.63928113 | G23: 499 | H23: 498.5 | I23: 498 | J23: =ROUND((G23+H23+I23)/3,2) -> 498.5 | K23: 0.63928113 | L23: 543 | M23: 542.46 | N23: 542 | O23: =ROUND((L23+M23+N23)/3,2) -> 542.49 | P23: 0.6957638 | Q23: 543 | R23: 542.46 | S23: 542 | T23: =ROUND((Q23+R23+S23)/3,2) -> 542.49 | U23: 0.6957638
A24: Хмиз довжиною 2 м - 4 м
A25: - до 5,0 | B25: 620 | C25: 619.38 | D25: 619 | E25: =ROUND((B25+C25+D25)/3,2) -> 619.46 | F25: 0.79460847 | G25: 620 | H25: 619.38 | I25: 619 | J25: =ROUND((G25+H25+I25)/3,2) -> 619.46 | K25: 0.79460847 | L25: 659 | M25: 658.34 | N25: 658 | O25: =ROUND((L25+M25+N25)/3,2) -> 658.45 | P25: 0.84467266 | Q25: 659 | R25: 658.34 | S25: 658 | T25: =ROUND((Q25+R25+S25)/3,2) -> 658.45 | U25: 0.84467266
A26: - 5,0-16,0 | B26: 499 | C26: 498.5 | D26: 498 | E26: =ROUND((B26+C26+D26)/3,2) -> 498.5 | F26: 0.63928113 | G26: 499 | H26: 498.5 | I26: 498 | J26: =ROUND((G26+H26+I26)/3,2) -> 498.5 | K26: 0.63928113 | L26: 543 | M26: 542.46 | N26: 542 | O26: =ROUND((L26+M26+N26)/3,2) -> 542.49 | P26: 0.6957638 | Q26: 543 | R26: 542.46 | S26: 542 | T26: =ROUND((Q26+R26+S26)/3,2) -> 542.49 | U26: 0.6957638
A27: - більше 16,0 | B27: 444 | C27: 443.56 | D27: 443 | E27: =ROUND((B27+C27+D27)/3,2) -> 443.52 | F27: 0.56867779 | G27: 444 | H27: 443.56 | I27: 443 | J27: =ROUND((G27+H27+I27)/3,2) -> 443.52 | K27: 0.56867779 | L27: 483 | M27: 482.52 | N27: 482 | O27: =ROUND((L27+M27+N27)/3,2) -> 482.51 | P27: 0.61874198 | Q27: 483 | R27: 482.52 | S27: 482 | T27: =ROUND((Q27+R27+S27)/3,2) -> 482.51 | U27: 0.61874198
A28: Хмиз довжиною більше 4 м
A29: - до 5,0 | B29: 499 | C29: 498.5 | D29: 498 | E29: =ROUND((B29+C29+D29)/3,2) -> 498.5 | F29: 0.63928113 | G29: 499 | H29: 498.5 | I29: 498 | J29: =ROUND((G29+H29+I29)/3,2) -> 498.5 | K29: 0.63928113 | L29: 543 | M29: 542.46 | N29: 542 | O29: =ROUND((L29+M29+N29)/3,2) -> 542.49 | P29: 0.6957638 | Q29: 543 | R29: 542.46 | S29: 542 | T29: =ROUND((Q29+R29+S29)/3,2) -> 542.49 | U29: 0.6957638
A30: - 5,0-16,0 | B30: 444 | C30: 443.56 | D30: 443 | E30: =ROUND((B30+C30+D30)/3,2) -> 443.52 | F30: 0.56867779 | G30: 444 | H30: 443.56 | I30: 443 | J30: =ROUND((G30+H30+I30)/3,2) -> 443.52 | K30: 0.56867779 | L30: 483 | M30: 482.52 | N30: 482 | O30: =ROUND((L30+M30+N30)/3,2) -> 482.51 | P30: 0.61874198 | Q30: 483 | R30: 482.52 | S30: 482 | T30: =ROUND((Q30+R30+S30)/3,2) -> 482.51 | U30: 0.61874198
A31: - більше 16,0 | B31: 378 | C31: 377.62 | D31: 377 | E31: =ROUND((B31+C31+D31)/3,2) -> 377.54 | F31: 0.48395379 | G31: 378 | H31: 377.62 | I31: 377 | J31: =ROUND((G31+H31+I31)/3,2) -> 377.54 | K31: 0.48395379 | L31: 428 | M31: 427.57 | N31: 427 | O31: =ROUND((L31+M31+N31)/3,2) -> 427.52 | P31: 0.54813864 | Q31: 428 | R31: 427.57 | S31: 427 | T31: =ROUND((Q31+R31+S31)/3,2) -> 427.52 | U31: 0.54813864

Sheet Сітка
A1: ПАРАМЕТРИ ЛОТУ
A2: Перелік надання послуг | B2: № лоту | C2: Відмітка про надання послуг | D2: Обсяг надання посуг, м3 | E2: Гранична ціна надання послуг за 1м3, грн, без ПДВ | F2: Коефіцієнт частки вартості | G2: Вартість надання послуг, грн, без ПДВ | H2: Початкова ціна лоту, грн, без ПДВ | I2: Тендерна пропозиція учасника, грн. без ПДВ
A3: Заготівля деревини на РГК та ССР | B3: __ | C3: =IF($B$3="","-", IF(AND($B$3>0,$B$3<=10), IF(ISNUMBER(D3), IF(D3>0,"так",IF(D3=0,"ні",IF($I$3=0,"-",""))), IF(D3="-","-",) ), "-") ) -> - | D3: =IF(B3=1,ОВ!C35,IF(B3=2,ОВ!C36,IF(B3=3,ОВ!C37,IF(B3=4,ОВ!C38,IF(B3=5,ОВ!C39,IF(B3=6,ОВ!C40,IF(B3=7,ОВ!C41,IF(B3=8,ОВ!C42,IF(B3=9,ОВ!C43,IF(B3=10,ОВ!C44,IF(B3="__","-"))))))))))) -> - | E3: =IFERROR(G3/D3,"-") -> - | F3: =IF(C3="ні","-", IF($B$3=1,ОВ!D14, IF($B$3=2,ОВ!D15, IF($B$3=3,ОВ!D16, IF($B$3=4,ОВ!D17, IF($B$3=5,ОВ!D18, IF($B$3=6,ОВ!D19, IF($B$3=7,ОВ!D20, IF($B$3=8,ОВ!D21, IF($B$3=9,ОВ!D22, IF($B$3=10,ОВ!D23,"-"))))))))))) -> - | G3: =IFERROR( IF(OR(C3<>"так", F3=0, F3="-"), "-", IF(COUNTIF(F4:$F$9,">0")=0, $I$3-SUMIF($G$2:G2,">0"), ROUND($I$3*F3,2) )),"-") -> - | H3: =IF(AND(B3>=1, B3<=10), CHOOSE(B3, ОВ!M14,ОВ!M15,ОВ!M16,ОВ!M17,ОВ!M18,ОВ!M19,ОВ!M20,ОВ!M21,ОВ!M22,ОВ!M23), "-") -> -
A4: Трелювання деревини на РГК та ССР | C4: =IF($B$3="","-", IF(AND($B$3>0,$B$3<=10), IF(ISNUMBER(D4), IF(D4>0,"так",IF(D4=0,"ні",IF($I$3=0,"-",""))), IF(D4="-","-",) ), "-") ) -> - | D4: =IF(B3=1,ОВ!D35,IF(B3=2,ОВ!D36,IF(B3=3,ОВ!D37,IF(B3=4,ОВ!D38,IF(B3=5,ОВ!D39,IF(B3=6,ОВ!D40,IF(B3=7,ОВ!D41,IF(B3=8,ОВ!D42,IF(B3=9,ОВ!D43,IF(B3=10,ОВ!D44,IF(B3="__","-"))))))))))) -> - | E4: =IFERROR(G4/D4,"-") -> - | F4: =IF(C4="ні","-", IF($B$3=1,ОВ!F14, IF($B$3=2,ОВ!F15, IF($B$3=3,ОВ!F16, IF($B$3=4,ОВ!F17, IF($B$3=5,ОВ!F18, IF($B$3=6,ОВ!F19, IF($B$3=7,ОВ!F20, IF($B$3=8,ОВ!F21, IF($B$3=9,ОВ!F22, IF($B$3=10,ОВ!F23,"-"))))))))))) -> - | G4: =IFERROR( IF(OR(C4<>"так", F4=0, F4="-"), "-", IF(COUNTIF(F5:$F$9,">0")=0, $I$3-SUMIF($G$2:G3,">0"), ROUND($I$3*F4,2) )),"-") -> - | M4: так
A5: Заготівля деревини на РФіОЛ | C5: =IF($B$3="","-", IF(AND($B$3>0,$B$3<=10), IF(ISNUMBER(D5), IF(D5>0,"так",IF(D5=0,"ні",IF($I$3=0,"-",""))), IF(D5="-","-",) ), "-") ) -> - | D5: =IF(B3=1,ОВ!E35,IF(B3=2,ОВ!E36,IF(B3=3,ОВ!E37,IF(B3=4,ОВ!E38,IF(B3=5,ОВ!E39,IF(B3=6,ОВ!E40,IF(B3=7,ОВ!E41,IF(B3=8,ОВ!E42,IF(B3=9,ОВ!E43,IF(B3=10,ОВ!E44,IF(B3="__","-"))))))))))) -> - | E5: =IFERROR(G5/D5,"-") -> - | F5: =IF(C5="ні","-", IF($B$3=1,ОВ!H14, IF($B$3=2,ОВ!H15, IF($B$3=3,ОВ!H16, IF($B$3=4,ОВ!H17, IF($B$3=5,ОВ!H18, IF($B$3=6,ОВ!H19, IF($B$3=7,ОВ!H20, IF($B$3=8,ОВ!H21, IF($B$3=9,ОВ!H22, IF($B$3=10,ОВ!H23,"-"))))))))))) -> - | G5: =IFERROR( IF(OR(C5<>"так", F5=0, F5="-"), "-", IF(COUNTIF(F6:$F$9,">0")=0, $I$3-SUMIF($G$2:G4,">0"), ROUND($I$3*F5,2) )),"-") -> - | M5: ні
A6: Трелювання деревини на РФіОЛ | C6: =IF($B$3="","-", IF(AND($B$3>0,$B$3<=10), IF(ISNUMBER(D6), IF(D6>0,"так",IF(D6=0,"ні",IF($I$3=0,"-",""))), IF(D6="-","-",) ), "-") ) -> - | D6: =IF(B3=1,ОВ!F35,IF(B3=2,ОВ!F36,IF(B3=3,ОВ!F37,IF(B3=4,ОВ!F38,IF(B3=5,ОВ!F39,IF(B3=6,ОВ!F40,IF(B3=7,ОВ!F41,IF(B3=8,ОВ!F42,IF(B3=9,ОВ!F43,IF(B3=10,ОВ!F44,IF(B3="__","-"))))))))))) -> - | E6: =IFERROR(G6/D6,"-") -> - | F6: =IF(C6="ні","-", IF($B$3=1,ОВ!J14, IF($B$3=2,ОВ!J15, IF($B$3=3,ОВ!J16, IF($B$3=4,ОВ!J17, IF($B$3=5,ОВ!J18, IF($B$3=6,ОВ!J19, IF($B$3=7,ОВ!J20, IF($B$3=8,ОВ!J21, IF($B$3=9,ОВ!J22, IF($B$3=10,ОВ!J23,"-"))))))))))) -> - | G6: =IFERROR( IF(OR(C6<>"так", F6=0, F6="-"), "-", IF(COUNTIF(F7:$F$9,">0")=0, $I$3-SUMIF($G$2:G5,">0"), ROUND($I$3*F6,2) )),"-") -> -
A7: Заготівля хмизу | C7: =IF($B$3="","-", IF(AND($B$3>0,$B$3<=10), IF(ISNUMBER(D7), IF(D7>0,"так",IF(D7=0,"ні",IF($I$3=0,"-",""))), IF(D7="-","-",) ), "-") ) -> - | D7: =IF(B3=1,ОВ!G35,IF(B3=2,ОВ!G36,IF(B3=3,ОВ!G37,IF(B3=4,ОВ!G38,IF(B3=5,ОВ!G39,IF(B3=6,ОВ!G40,IF(B3=7,ОВ!G41,IF(B3=8,ОВ!G42,IF(B3=9,ОВ!G43,IF(B3=10,ОВ!G44,IF(B3="__","-"))))))))))) -> - | E7: =IFERROR(G7/D7,"-") -> - | F7: =IF(C7="ні","-", IF($B$3=1,ОВ!L14, IF($B$3=2,ОВ!L15, IF($B$3=3,ОВ!L16, IF($B$3=4,ОВ!L17, IF($B$3=5,ОВ!L18, IF($B$3=6,ОВ!L19, IF($B$3=7,ОВ!L20, IF($B$3=8,ОВ!L21, IF($B$3=9,ОВ!L22, IF($B$3=10,ОВ!L23,"-"))))))))))) -> - | G7: =IFERROR( IF(OR(C7<>"так", F7=0, F7="-"), "-", IF(COUNTIF(F8:$F$9,">0")=0, $I$3-SUMIF($G$2:G6,">0"), ROUND($I$3*F7,2) )),"-") -> -
A10: СІТКА РОЗЦІНОК (на надання лісозаготівельних послуг в грн. без ПДВ за 1 м3)
A11: Перелік надання послуг | B11: Твердолистяні | C11: Коефіцієнт ціни | D11: Хвойні та м'яколистяні | E11: Коефіцієнт ціни | F11: Твердолистяні | G11: Коефіцієнт ціни | H11: Хвойні та м'яколистяні | I11: Коефіцієнт ціни
B12: Нормальні умови | F12: Важкі умови
A13: 1. Заготівля ліквідної деревини на РГК та ССР та інших суцільнолісосічних рубках в сортиментах при середньому об'ємі хлиста, м3:
A14: - до 0,50 | B14: =IFERROR(IF(C14="-", "-", IF(ISNUMBER(C14), ROUND($E$3*C14, 2))), "-") -> - | C14: =IF($C$3="так",Коеф.!F7,IF($C$3="ні","-",IF($C$3="-","-"))) -> - | D14: =IFERROR(IF(E14="-", "-", IF(ISNUMBER(E14), ROUND($E$3*E14, 2))), "-") -> - | E14: =IF($C$3="так",Коеф.!K7,IF($C$3="ні","-",IF($C$3="-","-"))) -> - | F14: =IFERROR(IF(G14="-", "-", IF(ISNUMBER(G14), ROUND($E$3*G14, 2))), "-") -> - | G14: =IF($C$3="так",Коеф.!P7,IF($C$3="ні","-",IF($C$3="-","-"))) -> - | H14: =IFERROR(IF(I14="-", "-", IF(ISNUMBER(I14), ROUND($E$3*I14, 2))), "-") -> - | I14: =IF($C$3="так",Коеф.!U7,IF($C$3="ні","-",IF($C$3="-","-"))) -> -
A15: - від 0,50 до 0,70 | B15: =IFERROR(IF(C15="-", "-", IF(ISNUMBER(C15), ROUND($E$3*C15, 2))), "-") -> - | C15: =IF($C$3="так",Коеф.!F8,IF($C$3="ні","-",IF($C$3="-","-"))) -> - | D15: =IFERROR(IF(E15="-", "-", IF(ISNUMBER(E15), ROUND($E$3*E15, 2))), "-") -> - | E15: =IF($C$3="так",Коеф.!K8,IF($C$3="ні","-",IF($C$3="-","-"))) -> - | F15: =IFERROR(IF(G15="-", "-", IF(ISNUMBER(G15), ROUND($E$3*G15, 2))), "-") -> - | G15: =IF($C$3="так",Коеф.!P8,IF($C$3="ні","-",IF($C$3="-","-"))) -> - | H15: =IFERROR(IF(I15="-", "-", IF(ISNUMBER(I15), ROUND($E$3*I15, 2))), "-") -> - | I15: =IF($C$3="так",Коеф.!U8,IF($C$3="ні","-",IF($C$3="-","-"))) -> -
A16: - від 0,70 до 1,00 | B16: =IFERROR(IF(C16="-", "-", IF(ISNUMBER(C16), ROUND($E$3*C16, 2))), "-") -> - | C16: =IF($C$3="так",Коеф.!F9,IF($C$3="ні","-",IF($C$3="-","-"))) -> - | D16: =IFERROR(IF(E16="-", "-", IF(ISNUMBER(E16), ROUND($E$3*E16, 2))), "-") -> - | E16: =IF($C$3="так",Коеф.!K9,IF($C$3="ні","-",IF($C$3="-","-"))) -> - | F16: =IFERROR(IF(G16="-", "-", IF(ISNUMBER(G16), ROUND($E$3*G16, 2))), "-") -> - | G16: =IF($C$3="так",Коеф.!P9,IF($C$3="ні","-",IF($C$3="-","-"))) -> - | H16: =IFERROR(IF(I16="-", "-", IF(ISNUMBER(I16), ROUND($E$3*I16, 2))), "-") -> - | I16: =IF($C$3="так",Коеф.!U9,IF($C$3="ні","-",IF($C$3="-","-"))) -> -
A17: - більше 1,00 | B17: =IFERROR(IF(C17="-", "-", IF(ISNUMBER(C17), ROUND($E$3*C17, 2))), "-") -> - | C17: =IF($C$3="так",Коеф.!F10,IF($C$3="ні","-",IF($C$3="-","-"))) -> - | D17: =IFERROR(IF(E17="-", "-", IF(ISNUMBER(E17), ROUND($E$3*E17, 2))), "-") -> - | E17: =IF($C$3="так",Коеф.!K10,IF($C$3="ні","-",IF($C$3="-","-"))) -> - | F17: =IFERROR(IF(G17="-", "-", IF(ISNUMBER(G17), ROUND($E$3*G17, 2))), "-") -> - | G17: =IF($C$3="так",Коеф.!P10,IF($C$3="ні","-",IF($C$3="-","-"))) -> - | H17: =IFERROR(IF(I17="-", "-", IF(ISNUMBER(I17), ROUND($E$3*I17, 2))), "-") -> - | I17: =IF($C$3="так",Коеф.!U10,IF($C$3="ні","-",IF($C$3="-","-"))) -> -
A18: 2. Трелювання ліквідної деревини на РГК, ССР та інших суцільнолісосічних рубках в сортиментах, м3: | B18: =IFERROR(IF(C18="-", "-", IF(ISNUMBER(C18), ROUND($E$4*C18, 2))), "-") -> - | C18: =IF($C$4="так",Коеф.!F11,IF($C$4="ні","-",IF($C$4="-","-"))) -> - | D18: =IFERROR(IF(E18="-", "-", IF(ISNUMBER(E18), ROUND($E$4*E18, 2))), "-") -> - | E18: =IF($C$4="так",Коеф.!K11,IF($C$4="ні","-",IF($C$4="-","-"))) -> - | F18: =IFERROR(IF(G18="-", "-", IF(ISNUMBER(G18), ROUND($E$4*G18, 2))), "-") -> - | G18: =IF($C$4="так",Коеф.!P11,IF($C$4="ні","-",IF($C$4="-","-"))) -> - | H18: =IFERROR(IF(I18="-", "-", IF(ISNUMBER(I18), ROUND($E$4*I18, 2))), "-") -> - | I18: =IF($C$4="так",Коеф.!U11,IF($C$4="ні","-",IF($C$4="-","-"))) -> -
A19: 3. Заготівля ліквідної деревини на РФіОЛ та інших вибіркових рубках в сортиментах при середньому об'ємі хлиста, м3:
A20: - до 0,30 | B20: =IFERROR(IF(C20="-", "-", IF(ISNUMBER(C20), ROUND($E$5*C20, 2))), "-") -> - | C20: =IF($C$5="так",Коеф.!F13,IF($C$5="ні","-",IF($C$5="-","-"))) -> - | D20: =IFERROR(IF(E20="-", "-", IF(ISNUMBER(E20), ROUND($E$5*E20, 2))), "-") -> - | E20: =IF($C$5="так",Коеф.!K13,IF($C$5="ні","-",IF($C$5="-","-"))) -> - | F20: =IFERROR(IF(G20="-", "-", IF(ISNUMBER(G20), ROUND($E$5*G20, 2))), "-") -> - | G20: =IF($C$5="так",Коеф.!P13,IF($C$5="ні","-",IF($C$5="-","-"))) -> - | H20: =IFERROR(IF(I20="-", "-", IF(ISNUMBER(I20), ROUND($E$5*I20, 2))), "-") -> - | I20: =IF($C$5="так",Коеф.!U13,IF($C$5="ні","-",IF($C$5="-","-"))) -> -
A21: - від 0,30 до 0,50 | B21: =IFERROR(IF(C21="-", "-", IF(ISNUMBER(C21), ROUND($E$5*C21, 2))), "-") -> - | C21: =IF($C$5="так",Коеф.!F14,IF($C$5="ні","-",IF($C$5="-","-"))) -> - | D21: =IFERROR(IF(E21="-", "-", IF(ISNUMBER(E21), ROUND($E$5*E21, 2))), "-") -> - | E21: =IF($C$5="так",Коеф.!K14,IF($C$5="ні","-",IF($C$5="-","-"))) -> - | F21: =IFERROR(IF(G21="-", "-", IF(ISNUMBER(G21), ROUND($E$5*G21, 2))), "-") -> - | G21: =IF($C$5="так",Коеф.!P14,IF($C$5="ні","-",IF($C$5="-","-"))) -> - | H21: =IFERROR(IF(I21="-", "-", IF(ISNUMBER(I21), ROUND($E$5*I21, 2))), "-") -> - | I21: =IF($C$5="так",Коеф.!U14,IF($C$5="ні","-",IF($C$5="-","-"))) -> -
A22: - від 0,50 до 0,70 | B22: =IFERROR(IF(C22="-", "-", IF(ISNUMBER(C22), ROUND($E$5*C22, 2))), "-") -> - | C22: =IF($C$5="так",Коеф.!F15,IF($C$5="ні","-",IF($C$5="-","-"))) -> - | D22: =IFERROR(IF(E22="-", "-", IF(ISNUMBER(E22), ROUND($E$5*E22, 2))), "-") -> - | E22: =IF($C$5="так",Коеф.!K15,IF($C$5="ні","-",IF($C$5="-","-"))) -> - | F22: =IFERROR(IF(G22="-", "-", IF(ISNUMBER(G22), ROUND($E$5*G22, 2))), "-") -> - | G22: =IF($C$5="так",Коеф.!P15,IF($C$5="ні","-",IF($C$5="-","-"))) -> - | H22: =IFERROR(IF(I22="-", "-", IF(ISNUMBER(I22), ROUND($E$5*I22, 2))), "-") -> - | I22: =IF($C$5="так",Коеф.!U15,IF($C$5="ні","-",IF($C$5="-","-"))) -> -
A23: - більше 0,70 | B23: =IFERROR(IF(C23="-", "-", IF(ISNUMBER(C23), ROUND($E$5*C23, 2))), "-") -> - | C23: =IF($C$5="так",Коеф.!F16,IF($C$5="ні","-",IF($C$5="-","-"))) -> - | D23: =IFERROR(IF(E23="-", "-", IF(ISNUMBER(E23), ROUND($E$5*E23, 2))), "-") -> - | E23: =IF($C$5="так",Коеф.!K16,IF($C$5="ні","-",IF($C$5="-","-"))) -> - | F23: =IFERROR(IF(G23="-", "-", IF(ISNUMBER(G23), ROUND($E$5*G23, 2))), "-") -> - | G23: =IF($C$5="так",Коеф.!P16,IF($C$5="ні","-",IF($C$5="-","-"))) -> - | H23: =IFERROR(IF(I23="-", "-", IF(ISNUMBER(I23), ROUND($E$5*I23, 2))), "-") -> - | I23: =IF($C$5="так",Коеф.!U16,IF($C$5="ні","-",IF($C$5="-","-"))) -> -
A24: 4. Трелювання ліквідної деревини на РФіОЛ та інших вибіркових рубках в сортиментах , м3: | B24: =IFERROR(IF(C24="-", "-", IF(ISNUMBER(C24), ROUND($E$6*C24, 2))), "-") -> - | C24: =IF($C$6="так",Коеф.!F17,IF($C$6="ні","-",IF($C$6="-","-"))) -> - | D24: =IFERROR(IF(E24="-", "-", IF(ISNUMBER(E24), ROUND($E$6*E24, 2))), "-") -> - | E24: =IF($C$6="так",Коеф.!K17,IF($C$6="ні","-",IF($C$6="-","-"))) -> - | F24: =IFERROR(IF(G24="-", "-", IF(ISNUMBER(G24), ROUND($E$6*G24, 2))), "-") -> - | G24: =IF($C$6="так",Коеф.!P17,IF($C$6="ні","-",IF($C$6="-","-"))) -> - | H24: =IFERROR(IF(I24="-", "-", IF(ISNUMBER(I24), ROUND($E$6*I24, 2))), "-") -> - | I24: =IF($C$6="так",Коеф.!U17,IF($C$6="ні","-",IF($C$6="-","-"))) -> -
A26: 5. Заготівля хмизу на рубках ОСВ, ПРЧ та ПРЖ без збирання Маса, що вирубується, м3/га
A27: Хмиз довжиною до 2 м
A28: - до 4,0 | B28: =IFERROR(IF(C28="-", "-", IF(ISNUMBER(C28), ROUND($E$7*C28, 2))), "-") -> - | C28: =IF($C$7="так",Коеф.!F21,IF($C$7="ні","-",IF($C$7="-","-"))) -> - | D28: =IFERROR(IF(E28="-", "-", IF(ISNUMBER(E28), ROUND($E$7*E28, 2))), "-") -> - | E28: =IF($C$7="так",Коеф.!K21,IF($C$7="ні","-",IF($C$7="-","-"))) -> - | F28: =IFERROR(IF(G28="-", "-", IF(ISNUMBER(G28), ROUND($E$7*G28, 2))), "-") -> - | G28: =IF($C$7="так",Коеф.!P21,IF($C$7="ні","-",IF($C$7="-","-"))) -> - | H28: =IFERROR(IF(I28="-", "-", IF(ISNUMBER(I28), ROUND($E$7*I28, 2))), "-") -> - | I28: =IF($C$7="так",Коеф.!U21,IF($C$7="ні","-",IF($C$7="-","-"))) -> -
A29: - 4,0-9,0 | B29: =IFERROR(IF(C29="-", "-", IF(ISNUMBER(C29), ROUND($E$7*C29, 2))), "-") -> - | C29: =IF($C$7="так",Коеф.!F22,IF($C$7="ні","-",IF($C$7="-","-"))) -> - | D29: =IFERROR(IF(E29="-", "-", IF(ISNUMBER(E29), ROUND($E$7*E29, 2))), "-") -> - | E29: =IF($C$7="так",Коеф.!K22,IF($C$7="ні","-",IF($C$7="-","-"))) -> - | F29: =IFERROR(IF(G29="-", "-", IF(ISNUMBER(G29), ROUND($E$7*G29, 2))), "-") -> - | G29: =IF($C$7="так",Коеф.!P22,IF($C$7="ні","-",IF($C$7="-","-"))) -> - | H29: =IFERROR(IF(I29="-", "-", IF(ISNUMBER(I29), ROUND($E$7*I29, 2))), "-") -> - | I29: =IF($C$7="так",Коеф.!U22,IF($C$7="ні","-",IF($C$7="-","-"))) -> -
A30: - більше 9,0 | B30: =IFERROR(IF(C30="-", "-", IF(ISNUMBER(C30), ROUND($E$7*C30, 2))), "-") -> - | C30: =IF($C$7="так",Коеф.!F23,IF($C$7="ні","-",IF($C$7="-","-"))) -> - | D30: =IFERROR(IF(E30="-", "-", IF(ISNUMBER(E30), ROUND($E$7*E30, 2))), "-") -> - | E30: =IF($C$7="так",Коеф.!K23,IF($C$7="ні","-",IF($C$7="-","-"))) -> - | F30: =IFERROR(IF(G30="-", "-", IF(ISNUMBER(G30), ROUND($E$7*G30, 2))), "-") -> - | G30: =IF($C$7="так",Коеф.!P23,IF($C$7="ні","-",IF($C$7="-","-"))) -> - | H30: =IFERROR(IF(I30="-", "-", IF(ISNUMBER(I30), ROUND($E$7*I30, 2))), "-") -> - | I30: =IF($C$7="так",Коеф.!U23,IF($C$7="ні","-",IF($C$7="-","-"))) -> -
A31: Хмиз довжиною 2 м - 4 м
A32: - до 5,0 | B32: =IFERROR(IF(C32="-", "-", IF(ISNUMBER(C32), ROUND($E$7*C32, 2))), "-") -> - | C32: =IF($C$7="так",Коеф.!F25,IF($C$7="ні","-",IF($C$7="-","-"))) -> - | D32: =IFERROR(IF(E32="-", "-", IF(ISNUMBER(E32), ROUND($E$7*E32, 2))), "-") -> - | E32: =IF($C$7="так",Коеф.!K25,IF($C$7="ні","-",IF($C$7="-","-"))) -> - | F32: =IFERROR(IF(G32="-", "-", IF(ISNUMBER(G32), ROUND($E$7*G32, 2))), "-") -> - | G32: =IF($C$7="так",Коеф.!P25,IF($C$7="ні","-",IF($C$7="-","-"))) -> - | H32: =IFERROR(IF(I32="-", "-", IF(ISNUMBER(I32), ROUND($E$7*I32, 2))), "-") -> - | I32: =IF($C$7="так",Коеф.!U25,IF($C$7="ні","-",IF($C$7="-","-"))) -> -
A33: - 5,0-16,0 | B33: =IFERROR(IF(C33="-", "-", IF(ISNUMBER(C33), ROUND($E$7*C33, 2))), "-") -> - | C33: =IF($C$7="так",Коеф.!F26,IF($C$7="ні","-",IF($C$7="-","-"))) -> - | D33: =IFERROR(IF(E33="-", "-", IF(ISNUMBER(E33), ROUND($E$7*E33, 2))), "-") -> - | E33: =IF($C$7="так",Коеф.!K26,IF($C$7="ні","-",IF($C$7="-","-"))) -> - | F33: =IFERROR(IF(G33="-", "-", IF(ISNUMBER(G33), ROUND($E$7*G33, 2))), "-") -> - | G33: =IF($C$7="так",Коеф.!P26,IF($C$7="ні","-",IF($C$7="-","-"))) -> - | H33: =IFERROR(IF(I33="-", "-", IF(ISNUMBER(I33), ROUND($E$7*I33, 2))), "-") -> - | I33: =IF($C$7="так",Коеф.!U26,IF($C$7="ні","-",IF($C$7="-","-"))) -> -
A34: - більше 16,0 | B34: =IFERROR(IF(C34="-", "-", IF(ISNUMBER(C34), ROUND($E$7*C34, 2))), "-") -> - | C34: =IF($C$7="так",Коеф.!F27,IF($C$7="ні","-",IF($C$7="-","-"))) -> - | D34: =IFERROR(IF(E34="-", "-", IF(ISNUMBER(E34), ROUND($E$7*E34, 2))), "-") -> - | E34: =IF($C$7="так",Коеф.!K27,IF($C$7="ні","-",IF($C$7="-","-"))) -> - | F34: =IFERROR(IF(G34="-", "-", IF(ISNUMBER(G34), ROUND($E$7*G34, 2))), "-") -> - | G34: =IF($C$7="так",Коеф.!P27,IF($C$7="ні","-",IF($C$7="-","-"))) -> - | H34: =IFERROR(IF(I34="-", "-", IF(ISNUMBER(I34), ROUND($E$7*I34, 2))), "-") -> - | I34: =IF($C$7="так",Коеф.!U27,IF($C$7="ні","-",IF($C$7="-","-"))) -> -
A35: Хмиз довжиною більше 4 м
A36: - до 5,0 | B36: =IFERROR(IF(C36="-", "-", IF(ISNUMBER(C36), ROUND($E$7*C36, 2))), "-") -> - | C36: =IF($C$7="так",Коеф.!F29,IF($C$7="ні","-",IF($C$7="-","-"))) -> - | D36: =IFERROR(IF(E36="-", "-", IF(ISNUMBER(E36), ROUND($E$7*E36, 2))), "-") -> - | E36: =IF($C$7="так",Коеф.!K29,IF($C$7="ні","-",IF($C$7="-","-"))) -> - | F36: =IFERROR(IF(G36="-", "-", IF(ISNUMBER(G36), ROUND($E$7*G36, 2))), "-") -> - | G36: =IF($C$7="так",Коеф.!P29,IF($C$7="ні","-",IF($C$7="-","-"))) -> - | H36: =IFERROR(IF(I36="-", "-", IF(ISNUMBER(I36), ROUND($E$7*I36, 2))), "-") -> - | I36: =IF($C$7="так",Коеф.!U29,IF($C$7="ні","-",IF($C$7="-","-"))) -> -
A37: - 5,0-16,0 | B37: =IFERROR(IF(C37="-", "-", IF(ISNUMBER(C37), ROUND($E$7*C37, 2))), "-") -> - | C37: =IF($C$7="так",Коеф.!F30,IF($C$7="ні","-",IF($C$7="-","-"))) -> - | D37: =IFERROR(IF(E37="-", "-", IF(ISNUMBER(E37), ROUND($E$7*E37, 2))), "-") -> - | E37: =IF($C$7="так",Коеф.!K30,IF($C$7="ні","-",IF($C$7="-","-"))) -> - | F37: =IFERROR(IF(G37="-", "-", IF(ISNUMBER(G37), ROUND($E$7*G37, 2))), "-") -> - | G37: =IF($C$7="так",Коеф.!P30,IF($C$7="ні","-",IF($C$7="-","-"))) -> - | H37: =IFERROR(IF(I37="-", "-", IF(ISNUMBER(I37), ROUND($E$7*I37, 2))), "-") -> - | I37: =IF($C$7="так",Коеф.!U30,IF($C$7="ні","-",IF($C$7="-","-"))) -> -
A38: - більше 16,0 | B38: =IFERROR(IF(C38="-", "-", IF(ISNUMBER(C38), ROUND($E$7*C38, 2))), "-") -> - | C38: =IF($C$7="так",Коеф.!F31,IF($C$7="ні","-",IF($C$7="-","-"))) -> - | D38: =IFERROR(IF(E38="-", "-", IF(ISNUMBER(E38), ROUND($E$7*E38, 2))), "-") -> - | E38: =IF($C$7="так",Коеф.!K31,IF($C$7="ні","-",IF($C$7="-","-"))) -> - | F38: =IFERROR(IF(G38="-", "-", IF(ISNUMBER(G38), ROUND($E$7*G38, 2))), "-") -> - | G38: =IF($C$7="так",Коеф.!P31,IF($C$7="ні","-",IF($C$7="-","-"))) -> - | H38: =IFERROR(IF(I38="-", "-", IF(ISNUMBER(I38), ROUND($E$7*I38, 2))), "-") -> - | I38: =IF($C$7="так",Коеф.!U31,IF($C$7="ні","-",IF($C$7="-","-"))) -> -
A41: * на РГК з метою раціонального використання деревини до запропонованих розцінок застосовувати коефіцієнти:
A42: Порода | B42: Ділова деревина | C42: Дров’яна деревина
A43: Твердолистяні та м’яколистяні | B43: 1 | C43: 0.9
A44: Хвойні | B44: 1 | C44: 0.8
G46: ІНЗ: № | H46: 9RKSZM
